timestamp,runtime,memory,payload_size,mode,init_duration_ms,duration_ms,billed_duration_ms,max_memory_mb,request_id
2026-04-30T08:35:58Z,java-jvm-snapstart-primed,512,1k,cold,916.72,11029,11029,170,b1fbda05-a906-407a-9322-fbfea231c0f0
2026-04-30T08:37:29Z,java-jvm-snapstart-primed,512,1k,cold,1012.73,10956,10956,172,744399d7-ae47-4124-a34d-4b5baef218d5
2026-04-30T08:39:00Z,java-jvm-snapstart-primed,512,1k,cold,1032.14,10447,10447,170,f08d14bc-91b2-422d-aaf3-dc6a328e078f
2026-04-30T08:40:21Z,java-jvm-snapstart-primed,512,1k,cold,1001.94,10206,10206,168,5dd119d8-27c1-4cb3-8405-f8d6b72c48cd
2026-04-30T08:41:52Z,java-jvm-snapstart-primed,512,1k,cold,981.53,10514,10514,170,2e21fab9-cf46-4b50-a5e4-027c746dca6b
2026-04-30T08:43:26Z,java-jvm-snapstart-primed,512,1k,cold,905.08,10303,10303,169,6d81894b-49e6-45ac-a874-b1916616fb4f
2026-04-30T08:44:56Z,java-jvm-snapstart-primed,512,1k,cold,873.22,10535,10535,169,c22c43ef-36f4-4549-91f2-5526650475fb
2026-04-30T08:46:24Z,java-jvm-snapstart-primed,512,1k,cold,1051.41,10596,10596,171,9505bc4b-4479-410b-badd-861c32eb0cd6
2026-04-30T08:47:55Z,java-jvm-snapstart-primed,512,1k,cold,929.01,10102,10102,169,cc9e3591-9133-4f9d-b1b8-3cffced8235c
2026-04-30T08:49:25Z,java-jvm-snapstart-primed,512,1k,cold,1144.92,9830,9830,173,661fbd7d-6df5-4395-aa85-a046931042c6
2026-04-30T08:50:59Z,java-jvm-snapstart-primed,512,1k,cold,996.56,10317,10317,173,92010785-88e9-4fd0-a49c-cd81f7b0c487
2026-04-30T08:52:28Z,java-jvm-snapstart-primed,512,1k,cold,910.80,10342,10342,169,5774f5e7-535b-49dd-874b-14ad9fc34558
2026-04-30T08:53:58Z,java-jvm-snapstart-primed,512,1k,cold,972.26,10193,10193,166,1031dd95-7c36-4469-b85f-1dc1abcf6681
2026-04-30T08:55:28Z,java-jvm-snapstart-primed,512,1k,cold,1096.76,10209,10209,169,68ce7099-5b43-44db-8faa-4b43c69415fe
2026-04-30T08:56:58Z,java-jvm-snapstart-primed,512,1k,cold,914.82,10063,10063,174,846eb6b8-c54a-4ce1-b046-34f54ae7cd5c
2026-04-30T08:58:23Z,java-jvm-snapstart-primed,512,1k,cold,944.28,9523,9523,162,312403ed-bb8d-4d4c-a41c-f1c4cc5b2d20
2026-04-30T08:59:53Z,java-jvm-snapstart-primed,512,1k,cold,943.05,10435,10435,163,64ce203c-520d-401a-9223-f166de627bdc
2026-04-30T09:01:14Z,java-jvm-snapstart-primed,512,1k,cold,983.44,10647,10647,172,2b2e852e-f797-46dd-8028-0a12aaf2cace
2026-04-30T09:02:35Z,java-jvm-snapstart-primed,512,1k,cold,861.09,10678,10678,163,b12e915d-a539-48b4-a424-2d003cc9b9e8
2026-04-30T09:04:05Z,java-jvm-snapstart-primed,512,1k,cold,945.09,10313,10313,175,1bdd8663-170a-4ac9-91d2-39772fb94b22
2026-04-30T09:05:29Z,java-jvm-snapstart-primed,512,1k,cold,,226,226,178,818f3b82-fa96-49c1-b218-aea5e299e718
2026-04-30T09:06:50Z,java-jvm-snapstart-primed,512,1k,cold,921.63,10257,10257,169,01090322-f710-4b01-b013-bbc3c016379b
2026-04-30T09:08:21Z,java-jvm-snapstart-primed,512,1k,cold,935.44,10675,10675,173,78a6916a-acbe-405b-bd0b-36a0c2ef84d0
2026-04-30T09:09:42Z,java-jvm-snapstart-primed,512,1k,cold,1001.97,10815,10815,171,3626b479-7c9d-4430-9f4e-60a5d56d026f
2026-04-30T09:11:04Z,java-jvm-snapstart-primed,512,1k,cold,938.21,10855,10855,170,2c184f03-89f5-4413-a569-6654fca0f13c
2026-04-30T09:11:11Z,java-jvm-snapstart-primed,512,1k,warm,,42,42,170,360bc44d-07f4-445b-8b1b-e615e6eea6d1
2026-04-30T09:11:11Z,java-jvm-snapstart-primed,512,1k,warm,,62,62,170,639745de-e24e-4935-ac1d-a5634aaccc5e
2026-04-30T09:11:12Z,java-jvm-snapstart-primed,512,1k,warm,,37,37,170,850b2e83-882b-42fb-a8df-57e6a7087f8b
2026-04-30T09:11:13Z,java-jvm-snapstart-primed,512,1k,warm,,42,42,170,5193969a-7376-4512-9b67-ccd330b27283
2026-04-30T09:11:13Z,java-jvm-snapstart-primed,512,1k,warm,,84,84,170,1e006f66-538e-4a13-9d8f-4406b7fcbeea
2026-04-30T09:11:14Z,java-jvm-snapstart-primed,512,1k,warm,,99,99,170,8c2e5eb9-f9ee-45f6-a952-edd20a82c1b2
2026-04-30T09:11:14Z,java-jvm-snapstart-primed,512,1k,warm,,77,77,170,29990162-943d-48a6-844e-618b7691783f
2026-04-30T09:11:15Z,java-jvm-snapstart-primed,512,1k,warm,,58,58,170,82548ac9-85a2-44f2-87d6-038be4e68960
2026-04-30T09:11:16Z,java-jvm-snapstart-primed,512,1k,warm,,51,51,170,42443c0e-2168-4f6a-99d5-8329873d1431
2026-04-30T09:11:16Z,java-jvm-snapstart-primed,512,1k,warm,,94,94,171,86e5487f-408e-4983-9a62-66a1a996d978
2026-04-30T09:11:17Z,java-jvm-snapstart-primed,512,1k,warm,,36,36,171,a4249e50-e8e7-494f-ab1e-51dc02506ed3
2026-04-30T09:11:17Z,java-jvm-snapstart-primed,512,1k,warm,,49,49,171,402950da-62c1-4553-a917-c95b7a173005
2026-04-30T09:11:18Z,java-jvm-snapstart-primed,512,1k,warm,,66,66,171,c24ee182-ec5f-40db-a6b2-68f0556d7bd3
2026-04-30T09:11:19Z,java-jvm-snapstart-primed,512,1k,warm,,38,38,171,368c0132-fd31-4fc8-90e9-6468a833ac97
2026-04-30T09:11:19Z,java-jvm-snapstart-primed,512,1k,warm,,61,61,171,abdf4731-79eb-4046-9c03-45d3997dd8c6
2026-04-30T09:11:20Z,java-jvm-snapstart-primed,512,1k,warm,,42,42,171,5aa7ef0d-4f9a-4555-ad49-dd93b0e06e6b
2026-04-30T09:11:20Z,java-jvm-snapstart-primed,512,1k,warm,,57,57,171,f27e37b2-ba6a-4f44-80ee-3c4d32f8b037
2026-04-30T09:11:21Z,java-jvm-snapstart-primed,512,1k,warm,,39,39,171,4a1e7fa6-9dc0-42c2-b63b-c988d5543755
2026-04-30T09:11:22Z,java-jvm-snapstart-primed,512,1k,warm,,32,32,171,9e0ec099-35cf-4299-9ec4-d1b04b94d1db
2026-04-30T09:11:22Z,java-jvm-snapstart-primed,512,1k,warm,,36,36,171,8bd1ba44-b882-4b72-8602-a8e3ca3abd2f
2026-04-30T09:11:23Z,java-jvm-snapstart-primed,512,1k,warm,,54,54,171,5ffe0b78-f958-4d54-96c6-b1bf19d37d04
2026-04-30T09:11:24Z,java-jvm-snapstart-primed,512,1k,warm,,61,61,172,9a176ec2-384e-49bc-a216-29a3a1093a86
2026-04-30T09:11:24Z,java-jvm-snapstart-primed,512,1k,warm,,59,59,172,504ac395-8305-47f6-862a-605db11e9d84
2026-04-30T09:11:25Z,java-jvm-snapstart-primed,512,1k,warm,,49,49,172,1e6543ba-7b32-42dd-97db-5277abc456ac
2026-04-30T09:11:25Z,java-jvm-snapstart-primed,512,1k,warm,,34,34,172,cb6660a4-3fe9-4c3e-ab61-debe741acdb4
2026-04-30T09:12:56Z,java-jvm-snapstart-primed,512,100k,cold,957.67,10621,10621,169,14ac5a90-5831-464c-84b6-edaecfa6ef87
2026-04-30T09:14:26Z,java-jvm-snapstart-primed,512,100k,cold,939.46,10227,10227,162,7ba624ca-88a0-40cf-ae32-9275b0387830
2026-04-30T09:15:56Z,java-jvm-snapstart-primed,512,100k,cold,882.78,10235,10235,167,caa52c28-c9f1-4c9f-997f-628fc94995e8
2026-04-30T09:17:19Z,java-jvm-snapstart-primed,512,100k,cold,1037.41,11035,11035,171,f007edc5-d2fd-4bf2-b763-19e01a9a82f1
2026-04-30T09:18:37Z,java-jvm-snapstart-primed,512,100k,cold,934.79,10611,10611,170,61cd4ab8-5565-4910-9566-f8d4145dfd39
2026-04-30T09:20:04Z,java-jvm-snapstart-primed,512,100k,cold,892.46,10262,10262,174,b8e04d52-d65c-4a6f-abb9-68dc2dc28329
2026-04-30T09:21:34Z,java-jvm-snapstart-primed,512,100k,cold,1088.17,10027,10027,172,55386bb7-116c-40d5-b0d3-4e8245aea642
2026-04-30T09:23:03Z,java-jvm-snapstart-primed,512,100k,cold,1010.29,10836,10836,168,ecc317f6-35cb-4d72-a113-28e4566ced68
2026-04-30T09:24:25Z,java-jvm-snapstart-primed,512,100k,cold,875.04,10492,10492,169,fe724900-43fb-4395-ba1f-4175844aa5e9
2026-04-30T09:25:46Z,java-jvm-snapstart-primed,512,100k,cold,859.10,10379,10379,165,cad5b21d-b0e7-48e2-8690-e651d0ee3c06
2026-04-30T09:27:22Z,java-jvm-snapstart-primed,512,100k,cold,803.09,9662,9662,166,0eafb1bc-ce06-4018-94db-a399d2f94d04
2026-04-30T09:28:54Z,java-jvm-snapstart-primed,512,100k,cold,789.83,9453,9453,162,6ef3079b-ed27-462a-8b7a-5251ec0af972
2026-04-30T09:30:15Z,java-jvm-snapstart-primed,512,100k,cold,1001.71,10334,10334,170,075f8e53-d46a-48ae-9dca-bb9398f699b3
2026-04-30T09:31:38Z,java-jvm-snapstart-primed,512,100k,cold,958.87,10295,10295,166,f1033d97-75dd-4586-a342-855847650185
2026-04-30T09:32:59Z,java-jvm-snapstart-primed,512,100k,cold,941.51,9836,9836,165,b5bb2c44-deda-43a7-b5ac-9b9412854a5c
2026-04-30T09:34:25Z,java-jvm-snapstart-primed,512,100k,cold,976.09,10134,10134,166,ac2a3ecc-3e0a-445b-b842-ea8c54a2f69c
2026-04-30T09:35:55Z,java-jvm-snapstart-primed,512,100k,cold,977.28,11055,11055,171,67f754db-33f3-4a6f-9c60-a411c8eb730f
2026-04-30T09:37:17Z,java-jvm-snapstart-primed,512,100k,cold,1097.67,12174,12174,178,5a28faf2-da51-4e7c-86ae-19df37b0cfb3
2026-04-30T09:38:38Z,java-jvm-snapstart-primed,512,100k,cold,1083.39,10283,10283,174,a6ed8992-9821-4c98-bb46-29c00341f50f
2026-04-30T09:40:07Z,java-jvm-snapstart-primed,512,100k,cold,1132.94,9570,9570,161,232b8214-435a-491a-85bc-caf43fbef316
2026-04-30T09:41:42Z,java-jvm-snapstart-primed,512,100k,cold,894.98,10046,10046,164,e3871f2e-ee8e-4564-8c83-7ffbb760dd23
2026-04-30T09:43:12Z,java-jvm-snapstart-primed,512,100k,cold,933.46,10755,10755,172,5a76f59f-2049-4642-b234-930236bacd14
2026-04-30T09:44:32Z,java-jvm-snapstart-primed,512,100k,cold,871.87,9979,9979,168,7ea04341-ef3f-45f2-9643-fc3074866183
2026-04-30T09:46:03Z,java-jvm-snapstart-primed,512,100k,cold,819.72,10361,10361,169,11335e72-6cd5-410e-a4fd-f049496cd0d6
2026-04-30T09:47:24Z,java-jvm-snapstart-primed,512,100k,cold,919.93,9977,9977,173,f52b0def-6a43-4314-856a-71ff0fcb1f12
2026-04-30T09:47:31Z,java-jvm-snapstart-primed,512,100k,warm,,48,48,173,2c29946c-1292-429b-91e2-28d860f3ac41
2026-04-30T09:47:32Z,java-jvm-snapstart-primed,512,100k,warm,,84,84,173,c635d887-b2a6-45cc-b266-194c72b653a2
2026-04-30T09:47:33Z,java-jvm-snapstart-primed,512,100k,warm,,50,50,173,8d22bd5e-c484-4913-89e5-f9a66c1207c3
2026-04-30T09:47:33Z,java-jvm-snapstart-primed,512,100k,warm,,69,69,175,c72089d2-fdc0-4ded-afff-a6b59c0f4aff
2026-04-30T09:47:34Z,java-jvm-snapstart-primed,512,100k,warm,,62,62,176,8e9c7a6f-5769-4caa-b67b-fb6c67997e02
2026-04-30T09:47:35Z,java-jvm-snapstart-primed,512,100k,warm,,101,101,176,936500a6-a736-49ff-b061-a7e29449f751
2026-04-30T09:47:35Z,java-jvm-snapstart-primed,512,100k,warm,,38,38,176,b07a4014-6de1-467c-afba-2c48c4668b25
2026-04-30T09:47:36Z,java-jvm-snapstart-primed,512,100k,warm,,49,49,176,bccadd9c-e875-468e-99ff-281242f23643
2026-04-30T09:47:37Z,java-jvm-snapstart-primed,512,100k,warm,,48,48,176,21829721-6121-4c69-8eeb-757e8d5c0adb
2026-04-30T09:47:38Z,java-jvm-snapstart-primed,512,100k,warm,,37,37,176,7bc10c7d-7ee5-45d9-8bc8-dae2bdc46410
2026-04-30T09:47:38Z,java-jvm-snapstart-primed,512,100k,warm,,42,42,176,4d1825f0-4e56-4b32-9368-c22cdf5d75c5
2026-04-30T09:47:39Z,java-jvm-snapstart-primed,512,100k,warm,,118,118,176,3243194b-7197-44ba-a109-4a4624b33f5e
2026-04-30T09:47:40Z,java-jvm-snapstart-primed,512,100k,warm,,106,106,176,99a5bea9-99bc-4b83-89ad-b05847ac2a27
2026-04-30T09:47:40Z,java-jvm-snapstart-primed,512,100k,warm,,99,99,176,3052a095-303e-49ed-8594-1cc91e160e94
2026-04-30T09:47:41Z,java-jvm-snapstart-primed,512,100k,warm,,113,113,176,ed8d9057-7790-4adc-9bde-24e8d8237b1d
2026-04-30T09:47:42Z,java-jvm-snapstart-primed,512,100k,warm,,51,51,176,4dea0165-36c4-4245-ba63-cd82d9030136
2026-04-30T09:47:42Z,java-jvm-snapstart-primed,512,100k,warm,,39,39,176,1ee4a9a3-6026-4b9c-811d-d180a5dc37c9
2026-04-30T09:47:43Z,java-jvm-snapstart-primed,512,100k,warm,,50,50,176,b37bf20b-289b-4a02-a945-2d4736d476d1
2026-04-30T09:47:44Z,java-jvm-snapstart-primed,512,100k,warm,,35,35,177,dc58bc11-f023-4843-bacc-6657f48f3768
2026-04-30T09:47:44Z,java-jvm-snapstart-primed,512,100k,warm,,42,42,177,ef536dff-1d55-44ab-9482-177bb267adb0
2026-04-30T09:47:45Z,java-jvm-snapstart-primed,512,100k,warm,,67,67,177,ad55f4a8-4a4a-47c1-b447-155d6b51fbda
2026-04-30T09:47:46Z,java-jvm-snapstart-primed,512,100k,warm,,56,56,177,e563cb8a-e17c-48a1-826d-8933e9e1a739
2026-04-30T09:47:47Z,java-jvm-snapstart-primed,512,100k,warm,,38,38,177,ba65ad08-7748-4193-89fd-b7a140cb0b8d
2026-04-30T09:47:47Z,java-jvm-snapstart-primed,512,100k,warm,,44,44,177,7d756ae5-acde-41c5-ae77-96defda10447
2026-04-30T09:47:48Z,java-jvm-snapstart-primed,512,100k,warm,,62,62,177,eb46a2b8-86b6-426c-a426-e39d054f1f50
2026-04-30T09:49:10Z,java-jvm-snapstart-primed,512,1m,cold,904.93,10183,10183,182,275ce39a-874b-434f-8bbc-cf9fb57a1fe9
2026-04-30T09:50:33Z,java-jvm-snapstart-primed,512,1m,cold,755.03,11076,11076,181,0be1f20e-9bc4-418e-b678-46e32a168a45
2026-04-30T09:51:55Z,java-jvm-snapstart-primed,512,1m,cold,870.63,10502,10502,178,75cd618e-be39-48f5-95de-f1efb9498d19
2026-04-30T09:53:27Z,java-jvm-snapstart-primed,512,1m,cold,906.56,10515,10515,177,38e4b604-a16d-4656-8201-b13365887bb5
2026-04-30T09:54:58Z,java-jvm-snapstart-primed,512,1m,cold,932.16,10623,10623,184,f02de5f0-6194-4af5-b3bd-577f29cd3df0
2026-04-30T09:56:23Z,java-jvm-snapstart-primed,512,1m,cold,962.29,10465,10465,179,2b0354c1-37b0-4dc5-b8b8-713f0ad23c2b
2026-04-30T09:57:52Z,java-jvm-snapstart-primed,512,1m,cold,1029.00,10478,10478,182,7506d3a1-708e-4298-85fa-50b100b67b12
2026-04-30T09:59:14Z,java-jvm-snapstart-primed,512,1m,cold,902.36,10662,10662,178,45e79152-327b-4703-b53a-13caa1b3de63
2026-04-30T10:00:35Z,java-jvm-snapstart-primed,512,1m,cold,939.85,10695,10695,179,38309ad4-dfc0-4325-95b8-f20b8848654e
2026-04-30T10:02:06Z,java-jvm-snapstart-primed,512,1m,cold,929.06,10453,10453,173,c534b038-dccb-47b7-9769-c35b0e19146d
2026-04-30T10:03:31Z,java-jvm-snapstart-primed,512,1m,cold,946.29,11283,11283,179,877092a5-fd89-4fa2-b0d5-50a12df67d60
2026-04-30T10:04:48Z,java-jvm-snapstart-primed,512,1m,cold,859.88,10949,10949,177,eb4c27a0-2102-4517-9289-70818a71a556
2026-04-30T10:06:11Z,java-jvm-snapstart-primed,512,1m,cold,891.20,11297,11297,181,f05989b9-9731-4617-ac39-641e1f47be9d
2026-04-30T10:07:41Z,java-jvm-snapstart-primed,512,1m,cold,815.24,9911,9911,177,23c6fe80-68c4-4b7b-9f5d-a01c947bf617
2026-04-30T10:09:02Z,java-jvm-snapstart-primed,512,1m,cold,904.92,11045,11045,183,b09d3c07-16cb-463f-9de4-7eda3646396b
2026-04-30T10:10:27Z,java-jvm-snapstart-primed,512,1m,cold,901.25,11343,11343,180,29bfee20-38c6-4373-a0c0-e112f1c682c6
2026-04-30T10:11:48Z,java-jvm-snapstart-primed,512,1m,cold,1060.51,11335,11335,178,d2998452-a99c-455f-a633-fbbac73bbbc5
2026-04-30T10:13:19Z,java-jvm-snapstart-primed,512,1m,cold,875.66,10705,10705,173,38772ca5-3d7c-4fd8-b90a-2679f05202d2
2026-04-30T10:14:39Z,java-jvm-snapstart-primed,512,1m,cold,977.36,10710,10710,179,0a95bd7c-f2fe-4d5b-9bf8-bcdf899c6782
2026-04-30T10:16:09Z,java-jvm-snapstart-primed,512,1m,cold,938.72,10884,10884,182,b83a9f49-a7da-4ac8-a29f-b2501af1bb6d
2026-04-30T10:17:34Z,java-jvm-snapstart-primed,512,1m,cold,1005.66,10925,10925,178,8216ad90-f9af-4a33-8702-f7ada0308847
2026-04-30T10:19:07Z,java-jvm-snapstart-primed,512,1m,cold,949.35,11094,11094,182,98b7e9b0-1120-46a5-aa91-c94b266748e1
2026-04-30T10:20:27Z,java-jvm-snapstart-primed,512,1m,cold,878.12,11036,11036,178,d2429ca5-4410-4c1b-9a92-9a0950ac1fc7
2026-04-30T10:21:44Z,java-jvm-snapstart-primed,512,1m,cold,874.86,9881,9881,176,a4d310ac-1164-4597-a471-a51d13850c01
2026-04-30T10:23:04Z,java-jvm-snapstart-primed,512,1m,cold,951.49,11115,11115,182,b07fc018-7d7e-41e1-a486-cd33b27e5fa2
2026-04-30T10:23:11Z,java-jvm-snapstart-primed,512,1m,warm,,165,165,191,d5e24c37-7185-4843-9410-ad7fc386ca32
2026-04-30T10:23:12Z,java-jvm-snapstart-primed,512,1m,warm,,114,114,191,a00bc4f6-89de-4898-b455-a9fbad9eddba
2026-04-30T10:23:13Z,java-jvm-snapstart-primed,512,1m,warm,,79,79,191,f84db99c-9f9e-41d3-9ef5-303e1a97d94e
2026-04-30T10:23:13Z,java-jvm-snapstart-primed,512,1m,warm,,72,72,193,32d33053-9c4b-4b53-bacf-6b5ca19ad9cc
2026-04-30T10:23:14Z,java-jvm-snapstart-primed,512,1m,warm,,96,96,193,33362684-19f0-4b9c-82df-5d57e97b23bc
2026-04-30T10:23:15Z,java-jvm-snapstart-primed,512,1m,warm,,111,111,195,0e6be2b1-2197-4e49-9d03-e0d9b552424e
2026-04-30T10:23:16Z,java-jvm-snapstart-primed,512,1m,warm,,109,109,195,b5cf1dbb-4285-4e2f-9116-c1308fcd6759
2026-04-30T10:23:16Z,java-jvm-snapstart-primed,512,1m,warm,,103,103,195,04e46f6d-0098-459f-bcef-a3a486751c3a
2026-04-30T10:23:17Z,java-jvm-snapstart-primed,512,1m,warm,,80,80,196,ed93352f-6ed4-4242-bec1-244c656086cd
2026-04-30T10:23:18Z,java-jvm-snapstart-primed,512,1m,warm,,102,102,196,ecced0da-773d-4bc1-86c9-637f87b13206
2026-04-30T10:23:19Z,java-jvm-snapstart-primed,512,1m,warm,,122,122,196,bc15ec84-a57e-4efb-a9e3-f5a37eca1a40
2026-04-30T10:23:19Z,java-jvm-snapstart-primed,512,1m,warm,,174,174,199,ac9c9635-b817-4d70-b246-9ef04df78da6
2026-04-30T10:23:20Z,java-jvm-snapstart-primed,512,1m,warm,,93,93,199,587f684d-e400-450b-b6c2-0596452e57d4
2026-04-30T10:23:21Z,java-jvm-snapstart-primed,512,1m,warm,,106,106,200,4b5895a8-1729-4a20-b40d-ea67b87e9798
2026-04-30T10:23:22Z,java-jvm-snapstart-primed,512,1m,warm,,110,110,201,88f6b169-dfe4-413d-add7-be1ab60ce924
2026-04-30T10:23:23Z,java-jvm-snapstart-primed,512,1m,warm,,159,159,201,fc7d0806-ff2f-48a4-abb8-2ca968ebae25
2026-04-30T10:23:23Z,java-jvm-snapstart-primed,512,1m,warm,,69,69,203,4225237f-65b0-4450-9b72-2c9d981d87b0
2026-04-30T10:23:24Z,java-jvm-snapstart-primed,512,1m,warm,,68,68,203,4f785970-f5e5-438a-b001-5b956554da15
2026-04-30T10:23:25Z,java-jvm-snapstart-primed,512,1m,warm,,93,93,203,0501b69f-e99a-47fc-9894-599f3c73d300
2026-04-30T10:23:25Z,java-jvm-snapstart-primed,512,1m,warm,,71,71,206,dccd6cb2-d044-40b5-9b2f-c85a790a348b
2026-04-30T10:23:26Z,java-jvm-snapstart-primed,512,1m,warm,,73,73,206,a04d09e7-36f7-48d5-9d50-759251ee7392
2026-04-30T10:23:27Z,java-jvm-snapstart-primed,512,1m,warm,,115,115,207,9e0e6424-17bb-4c6c-a398-619ccccd46d1
2026-04-30T10:23:28Z,java-jvm-snapstart-primed,512,1m,warm,,73,73,208,2a87a2dc-9661-496c-a438-a73f982ad9f8
2026-04-30T10:23:29Z,java-jvm-snapstart-primed,512,1m,warm,,63,63,208,ce188dfe-f922-41c4-896c-5ce843cef1e1
2026-04-30T10:23:29Z,java-jvm-snapstart-primed,512,1m,warm,,132,132,210,4c26c718-764a-4771-9b6b-fc41001bd101
2026-04-30T10:24:44Z,java-jvm-snapstart-primed,1024,1k,cold,627.06,5713,5713,169,ecbb517e-90d6-42da-a44e-0b32a7b61e88
2026-04-30T10:25:59Z,java-jvm-snapstart-primed,1024,1k,cold,741.85,5800,5800,166,dd51e611-113f-4b36-bb3e-508a945e7426
2026-04-30T10:27:14Z,java-jvm-snapstart-primed,1024,1k,cold,776.59,5698,5698,170,93a1cc35-8ee6-401d-b9e6-1fa543a06f41
2026-04-30T10:28:29Z,java-jvm-snapstart-primed,1024,1k,cold,696.24,5270,5270,170,6f26ed12-1f57-4a60-b6a4-c02f8d330e58
2026-04-30T10:29:44Z,java-jvm-snapstart-primed,1024,1k,cold,704.89,5719,5719,170,c9468d08-a4fd-4885-bae2-0992d6fb75e9
2026-04-30T10:31:05Z,java-jvm-snapstart-primed,1024,1k,cold,708.92,5557,5557,170,80473d7b-46e8-4826-90cf-7e9545d8e274
2026-04-30T10:32:20Z,java-jvm-snapstart-primed,1024,1k,cold,676.60,5813,5813,170,351f91b1-f81a-4fd1-b24e-82efffcd314a
2026-04-30T10:33:35Z,java-jvm-snapstart-primed,1024,1k,cold,665.75,5423,5423,170,92b28168-2fce-41de-8cf2-e376bce171d0
2026-04-30T10:34:51Z,java-jvm-snapstart-primed,1024,1k,cold,706.29,5575,5575,167,cb890624-76a8-4ad8-953c-aa7083b0af40
2026-04-30T10:36:06Z,java-jvm-snapstart-primed,1024,1k,cold,685.85,5923,5923,170,d57c49d6-86bf-409e-95b9-5efc07f5db64
2026-04-30T10:37:27Z,java-jvm-snapstart-primed,1024,1k,cold,684.15,5979,5979,174,0f0c3be3-012b-46df-a162-946cdc227724
2026-04-30T10:38:42Z,java-jvm-snapstart-primed,1024,1k,cold,675.94,5498,5498,166,85b84f28-cb42-4d24-9ac3-9575fbacd293
2026-04-30T10:39:57Z,java-jvm-snapstart-primed,1024,1k,cold,691.45,5942,5942,170,a526b3f8-40bf-4d74-b435-eed86a89b5e5
2026-04-30T10:41:13Z,java-jvm-snapstart-primed,1024,1k,cold,721.57,6040,6040,172,83936520-d6a0-40f6-8d0a-b56e922bc56d
2026-04-30T10:42:28Z,java-jvm-snapstart-primed,1024,1k,cold,681.04,5430,5430,170,5a673cc3-ae20-4be3-a830-edac9bd930ef
2026-04-30T10:43:49Z,java-jvm-snapstart-primed,1024,1k,cold,643.26,5594,5594,172,89d18718-ee75-4e58-9301-03bf6e25bc12
2026-04-30T10:45:05Z,java-jvm-snapstart-primed,1024,1k,cold,656.04,5798,5798,171,02ca6e0f-f9d9-46f8-bea1-89e6c08ed6d5
2026-04-30T10:46:21Z,java-jvm-snapstart-primed,1024,1k,cold,742.94,5735,5735,169,6698c2a5-e3b6-4c7e-9299-bd2dfaf62a0f
2026-04-30T10:47:36Z,java-jvm-snapstart-primed,1024,1k,cold,701.34,5862,5862,173,d12a7506-0e56-4590-8345-9691860e4106
2026-04-30T10:48:53Z,java-jvm-snapstart-primed,1024,1k,cold,724.44,5641,5641,170,f144b2f5-8764-4bf5-9389-4c49f0259be1
2026-04-30T10:50:12Z,java-jvm-snapstart-primed,1024,1k,cold,729.44,5614,5614,173,7810160a-9e7c-44a2-a455-500fcc058e27
2026-04-30T10:51:27Z,java-jvm-snapstart-primed,1024,1k,cold,690.81,5595,5595,171,2bb60261-5a0b-42ff-8e51-3a9329d5ef0f
2026-04-30T10:52:42Z,java-jvm-snapstart-primed,1024,1k,cold,720.90,5681,5681,168,d01c0853-58c2-4e51-8cdb-61d1ed01efc8
2026-04-30T10:53:58Z,java-jvm-snapstart-primed,1024,1k,cold,673.53,5323,5323,167,3915822f-338d-4d8b-96bc-be97365aa5fb
2026-04-30T10:55:13Z,java-jvm-snapstart-primed,1024,1k,cold,705.56,5932,5932,168,a2168f9d-d424-4f43-9b07-dec7a9216f59
2026-04-30T10:55:19Z,java-jvm-snapstart-primed,1024,1k,warm,,38,38,168,4233728d-6df1-4e9a-8845-313541375582
2026-04-30T10:55:19Z,java-jvm-snapstart-primed,1024,1k,warm,,21,21,168,ac37995d-90f1-4935-8f63-4c7b014e87e9
2026-04-30T10:55:20Z,java-jvm-snapstart-primed,1024,1k,warm,,22,22,168,8c82ca49-ad32-4f97-9bad-a1e701dece98
2026-04-30T10:55:20Z,java-jvm-snapstart-primed,1024,1k,warm,,23,23,169,c103475d-b3e5-4b93-9f41-5835fd9c96ac
2026-04-30T10:55:21Z,java-jvm-snapstart-primed,1024,1k,warm,,30,30,169,c8a08ffd-e18f-4373-b8fd-c59c0ddc5f00
2026-04-30T10:55:21Z,java-jvm-snapstart-primed,1024,1k,warm,,19,19,169,b9385edc-0159-4dc9-b587-30f1d91cbb2e
2026-04-30T10:55:22Z,java-jvm-snapstart-primed,1024,1k,warm,,23,23,169,401976c5-8c78-4b51-9367-f39a5d594fcc
2026-04-30T10:55:22Z,java-jvm-snapstart-primed,1024,1k,warm,,22,22,169,2e6e3d5b-c3bd-4f42-a23b-ed18350c8c47
2026-04-30T10:55:23Z,java-jvm-snapstart-primed,1024,1k,warm,,29,29,169,34862a99-04e7-4d91-bd73-982d32a0c79e
2026-04-30T10:55:24Z,java-jvm-snapstart-primed,1024,1k,warm,,19,19,169,7fc85963-027c-4b8e-970f-600236cebd43
2026-04-30T10:55:24Z,java-jvm-snapstart-primed,1024,1k,warm,,24,24,169,02d3fb4a-ec63-49e8-a754-7d7e76e87d40
2026-04-30T10:55:25Z,java-jvm-snapstart-primed,1024,1k,warm,,29,29,169,5eb62d6a-29ff-4501-816f-f611fc986f57
2026-04-30T10:55:25Z,java-jvm-snapstart-primed,1024,1k,warm,,20,20,169,deccdef7-9a01-4819-a17b-57d096493dba
2026-04-30T10:55:26Z,java-jvm-snapstart-primed,1024,1k,warm,,44,44,170,2e3f21cd-bad1-4dbf-aa36-caa2eab4620e
2026-04-30T10:55:26Z,java-jvm-snapstart-primed,1024,1k,warm,,21,21,170,80dba841-5c49-4791-91d7-79ac17f64d2d
2026-04-30T10:55:27Z,java-jvm-snapstart-primed,1024,1k,warm,,20,20,170,d0173af1-09b5-47a2-a65a-7d4c04136b97
2026-04-30T10:55:27Z,java-jvm-snapstart-primed,1024,1k,warm,,18,18,170,9d3ecd05-ce99-48f7-a4e1-882391b90124
2026-04-30T10:55:28Z,java-jvm-snapstart-primed,1024,1k,warm,,20,20,170,6d972431-eb00-43b8-9860-0551c864344c
2026-04-30T10:55:29Z,java-jvm-snapstart-primed,1024,1k,warm,,21,21,170,dc221464-9e67-4e72-a731-2d8a7dd39d91
2026-04-30T10:55:29Z,java-jvm-snapstart-primed,1024,1k,warm,,16,16,170,636c43f5-1d76-4546-b458-3e5b303a685d
2026-04-30T10:55:30Z,java-jvm-snapstart-primed,1024,1k,warm,,16,16,170,46f0a26b-dd1c-4db7-85f4-43805f02d90b
2026-04-30T10:55:30Z,java-jvm-snapstart-primed,1024,1k,warm,,20,20,170,d433676d-0e5d-40c6-9251-0dd460aabebe
2026-04-30T10:55:31Z,java-jvm-snapstart-primed,1024,1k,warm,,29,29,170,c9fe1484-2de2-4500-a158-e2b6830e77ac
2026-04-30T10:55:31Z,java-jvm-snapstart-primed,1024,1k,warm,,30,30,170,a4a38d09-8d16-496a-b24b-ca079f314463
2026-04-30T10:55:32Z,java-jvm-snapstart-primed,1024,1k,warm,,42,42,171,cf56045f-ccea-4d8e-9e83-ef7094719ce6
2026-04-30T10:56:47Z,java-jvm-snapstart-primed,1024,100k,cold,664.08,5677,5677,167,decbc9d2-ec1a-4a6c-a9a7-d54051394d6d
2026-04-30T10:58:02Z,java-jvm-snapstart-primed,1024,100k,cold,658.01,5358,5358,169,b67c26c3-6b7d-4bbc-a775-e810e2ba8760
2026-04-30T10:59:18Z,java-jvm-snapstart-primed,1024,100k,cold,696.01,5898,5898,170,a4249b56-6fc0-4312-afff-8b4e2296a421
2026-04-30T11:00:33Z,java-jvm-snapstart-primed,1024,100k,cold,696.78,5894,5894,167,33a01165-c9ff-4eac-b161-8b3816617d7b
2026-04-30T11:01:49Z,java-jvm-snapstart-primed,1024,100k,cold,718.84,5995,5995,169,c3d5cdd9-bac5-45a1-a4d1-3ea2809187ee
2026-04-30T11:03:08Z,java-jvm-snapstart-primed,1024,100k,cold,708.21,5936,5936,168,016b9dc7-caf8-4d30-bf73-30ec8c9cb09e
2026-04-30T11:04:25Z,java-jvm-snapstart-primed,1024,100k,cold,673.15,5899,5899,171,c0cf079a-d513-4bf6-9f80-41e7bdf732db
2026-04-30T11:05:40Z,java-jvm-snapstart-primed,1024,100k,cold,696.13,5616,5616,166,d7d06e27-df67-4a61-ab7e-aeccd498e1f3
2026-04-30T11:06:54Z,java-jvm-snapstart-primed,1024,100k,cold,723.15,5813,5813,169,862fb43d-be34-45bc-abc8-e1d414f49ab7
2026-04-30T11:08:10Z,java-jvm-snapstart-primed,1024,100k,cold,769.18,5839,5839,172,a64791bf-b88b-4c76-8f8b-df3ea0422f66
2026-04-30T11:09:30Z,java-jvm-snapstart-primed,1024,100k,cold,693.17,5812,5812,170,903e972a-6845-43d2-b2c1-455f66d55074
2026-04-30T11:10:47Z,java-jvm-snapstart-primed,1024,100k,cold,680.87,6000,6000,169,cd4095ad-46e7-4a8d-89ed-8afa88ee19d1
2026-04-30T11:12:02Z,java-jvm-snapstart-primed,1024,100k,cold,725.88,5675,5675,170,535d46ee-6179-4ec0-9be8-b5ca6a2ca34a
2026-04-30T11:13:19Z,java-jvm-snapstart-primed,1024,100k,cold,732.75,6090,6090,173,a20301fc-96b4-490f-8a2b-3befba6095c0
2026-04-30T11:14:35Z,java-jvm-snapstart-primed,1024,100k,cold,718.24,5930,5930,171,3dc90428-5ebf-44b1-9d14-e442b27d2c06
2026-04-30T11:15:54Z,java-jvm-snapstart-primed,1024,100k,cold,761.77,5655,5655,172,03d96c8c-c969-4ef7-930e-25d6d45964d1
2026-04-30T11:17:09Z,java-jvm-snapstart-primed,1024,100k,cold,706.32,5876,5876,171,9a5d074c-a27b-45cc-884d-7a1bf4367b9a
2026-04-30T11:18:25Z,java-jvm-snapstart-primed,1024,100k,cold,698.54,5477,5477,168,5073e88e-e46b-4d15-95d0-fed424cb7db5
2026-04-30T11:19:40Z,java-jvm-snapstart-primed,1024,100k,cold,677.24,5770,5770,172,22a5b486-d95b-4ac6-94c3-8c01381f8e50
2026-04-30T11:20:57Z,java-jvm-snapstart-primed,1024,100k,cold,726.86,5832,5832,170,a1d624c3-3862-445f-aaea-9b2be7abf379
2026-04-30T11:22:11Z,java-jvm-snapstart-primed,1024,100k,cold,,127,127,172,817f7745-a781-4ac9-9e70-f6afd20f36fb
2026-04-30T11:23:28Z,java-jvm-snapstart-primed,1024,100k,cold,755.59,5838,5838,172,9fffc6c3-29c9-4c59-ade9-7db284f33866
2026-04-30T11:24:43Z,java-jvm-snapstart-primed,1024,100k,cold,654.90,5605,5605,170,5bab3d4f-e815-46ca-9642-9a10d1e8b9d1
2026-04-30T11:25:59Z,java-jvm-snapstart-primed,1024,100k,cold,765.37,5557,5557,171,e46abe02-07e5-43b3-acb9-19e9704ef21b
2026-04-30T11:27:15Z,java-jvm-snapstart-primed,1024,100k,cold,727.64,5647,5647,171,ecec5f33-66fb-47e2-9c37-79d1de4727ed
2026-04-30T11:27:21Z,java-jvm-snapstart-primed,1024,100k,warm,,53,53,174,a370e512-915b-4ea7-86a1-aa509f6ea5a6
2026-04-30T11:27:22Z,java-jvm-snapstart-primed,1024,100k,warm,,55,55,174,a2a0f415-966a-4890-91a2-e1213a1c2e61
2026-04-30T11:27:22Z,java-jvm-snapstart-primed,1024,100k,warm,,50,50,174,03141eb0-00cb-4b83-ac7d-8d9c63086481
2026-04-30T11:27:23Z,java-jvm-snapstart-primed,1024,100k,warm,,23,23,174,d28652ba-7ec0-4e66-be2a-b358de972d29
2026-04-30T11:27:23Z,java-jvm-snapstart-primed,1024,100k,warm,,47,47,174,942c6d2e-bce1-4701-9acc-9f94a557b989
2026-04-30T11:27:24Z,java-jvm-snapstart-primed,1024,100k,warm,,30,30,174,0f47f6ce-bddf-4c0d-bb25-0fb158a52eaf
2026-04-30T11:27:25Z,java-jvm-snapstart-primed,1024,100k,warm,,34,34,174,2e879a6f-be9c-4ff0-9aa9-29666d1d42f7
2026-04-30T11:27:25Z,java-jvm-snapstart-primed,1024,100k,warm,,23,23,174,5b021307-b5ca-4939-9d03-3d93d5d1e8ec
2026-04-30T11:27:26Z,java-jvm-snapstart-primed,1024,100k,warm,,19,19,174,67f45548-6df9-415d-bc13-e276247714ff
2026-04-30T11:27:26Z,java-jvm-snapstart-primed,1024,100k,warm,,26,26,174,3ff1ac29-8037-4513-b002-237dcabe085e
2026-04-30T11:27:27Z,java-jvm-snapstart-primed,1024,100k,warm,,18,18,174,72abd07d-06e5-4b68-8d35-e484b5f24401
2026-04-30T11:27:27Z,java-jvm-snapstart-primed,1024,100k,warm,,34,34,174,3b6efba6-ff82-45af-a146-852e6042fdfa
2026-04-30T11:27:28Z,java-jvm-snapstart-primed,1024,100k,warm,,46,46,174,25aa046a-2916-40e0-aa07-5cf4c564906a
2026-04-30T11:27:29Z,java-jvm-snapstart-primed,1024,100k,warm,,56,56,174,3c843962-d548-4369-aae8-0a3a6189fe88
2026-04-30T11:27:29Z,java-jvm-snapstart-primed,1024,100k,warm,,47,47,174,5e4b2493-802a-4cd8-b231-4253891f3349
2026-04-30T11:27:30Z,java-jvm-snapstart-primed,1024,100k,warm,,47,47,174,995db743-0d29-4017-8542-1a10df82a818
2026-04-30T11:27:31Z,java-jvm-snapstart-primed,1024,100k,warm,,16,16,174,9431d4c9-c44a-4d1a-bd2b-3fe1c8ac6889
2026-04-30T11:27:31Z,java-jvm-snapstart-primed,1024,100k,warm,,18,18,174,478ead5b-add9-4d1b-84e8-cc28c32a795b
2026-04-30T11:27:32Z,java-jvm-snapstart-primed,1024,100k,warm,,18,18,174,111e6351-a564-441d-9128-7b82e3da6c69
2026-04-30T11:27:32Z,java-jvm-snapstart-primed,1024,100k,warm,,24,24,174,19a9b5f9-6ab2-4f9e-af42-be19a16f618e
2026-04-30T11:27:33Z,java-jvm-snapstart-primed,1024,100k,warm,,27,27,174,a386d03e-a817-4aae-b04a-97d8850fe5f5
2026-04-30T11:27:34Z,java-jvm-snapstart-primed,1024,100k,warm,,17,17,174,2858b073-1c32-407c-ab05-b975c485b11b
2026-04-30T11:27:34Z,java-jvm-snapstart-primed,1024,100k,warm,,20,20,174,ea50d919-80d5-41ec-a1e4-5bd439f9b512
2026-04-30T11:27:35Z,java-jvm-snapstart-primed,1024,100k,warm,,26,26,174,66448edb-894c-454d-aad3-c2362a57d257
2026-04-30T11:27:35Z,java-jvm-snapstart-primed,1024,100k,warm,,44,44,175,eaa07827-e2d4-488c-bd6c-49e8c3050ce4
2026-04-30T11:28:51Z,java-jvm-snapstart-primed,1024,1m,cold,763.13,5916,5916,181,4586b880-7dbf-49ee-9496-43a961d6d168
2026-04-30T11:30:06Z,java-jvm-snapstart-primed,1024,1m,cold,804.79,5758,5758,179,b2390365-cc6c-4b72-aeea-f2be379d07ed
2026-04-30T11:31:22Z,java-jvm-snapstart-primed,1024,1m,cold,778.86,5881,5881,177,93461ace-5fc3-4acf-b6e3-f98f66fda38b
2026-04-30T11:32:38Z,java-jvm-snapstart-primed,1024,1m,cold,757.68,6158,6158,181,08b9fd48-9096-4ba1-aba1-7eebd904d6a8
2026-04-30T11:33:54Z,java-jvm-snapstart-primed,1024,1m,cold,704.99,6015,6015,178,89140137-b2bd-43bb-a39b-625f98516264
2026-04-30T11:35:14Z,java-jvm-snapstart-primed,1024,1m,cold,716.86,6276,6276,179,35a6947b-b56a-4d56-84ab-eb8f93506efa
2026-04-30T11:36:33Z,java-jvm-snapstart-primed,1024,1m,cold,711.78,6076,6076,178,e333e515-6624-48b8-8142-5892aa4dc4d4
2026-04-30T11:37:49Z,java-jvm-snapstart-primed,1024,1m,cold,679.77,5734,5734,182,6b7665dc-9e4f-4325-a849-7ff523d065eb
2026-04-30T11:39:06Z,java-jvm-snapstart-primed,1024,1m,cold,646.73,5977,5977,179,97db23ff-7468-49e4-9473-2198525b63af
2026-04-30T11:40:25Z,java-jvm-snapstart-primed,1024,1m,cold,677.78,5873,5873,178,bff4f86d-c1a0-429e-a612-5c61071db063
2026-04-30T11:41:44Z,java-jvm-snapstart-primed,1024,1m,cold,702.56,5632,5632,176,922ede73-c429-4319-9e28-8599641230b0
2026-04-30T11:42:57Z,java-jvm-snapstart-primed,1024,1m,cold,714.77,5819,5819,180,8fe37640-c009-4280-a99c-55b6c87d3188
2026-04-30T11:44:17Z,java-jvm-snapstart-primed,1024,1m,cold,744.27,6378,6378,179,36198855-adea-4354-9067-8a57cc16cb78
2026-04-30T11:45:32Z,java-jvm-snapstart-primed,1024,1m,cold,683.66,5555,5555,183,d66703df-516b-442b-8516-d48e5094d21a
2026-04-30T11:46:47Z,java-jvm-snapstart-primed,1024,1m,cold,719.12,6159,6159,183,9e7d4c7a-5768-43f1-bf2f-1f307bb5a215
2026-04-30T11:48:10Z,java-jvm-snapstart-primed,1024,1m,cold,724.58,6148,6148,181,d24609d3-1253-45c7-a038-32a795ab1d17
2026-04-30T11:49:28Z,java-jvm-snapstart-primed,1024,1m,cold,706.58,5796,5796,175,824962f0-20b6-4485-98c7-ece2b1e68791
2026-04-30T11:50:43Z,java-jvm-snapstart-primed,1024,1m,cold,729.13,6232,6232,176,93635df7-2926-4784-9dc2-4a0be3c37c65
2026-04-30T11:52:00Z,java-jvm-snapstart-primed,1024,1m,cold,770.02,5979,5979,175,92fec2de-4f15-4fbe-92a2-f85af3452d5e
2026-04-30T11:53:16Z,java-jvm-snapstart-primed,1024,1m,cold,768.88,6533,6533,183,1f06ab10-4294-456e-bebc-5bc2d98e8236
2026-04-30T11:54:35Z,java-jvm-snapstart-primed,1024,1m,cold,705.00,6005,6005,175,9590322c-38a7-460f-9c99-fe4346ee7b0a
2026-04-30T11:55:50Z,java-jvm-snapstart-primed,1024,1m,cold,666.14,5875,5875,181,f1273746-f069-4493-acc9-1b622437b95e
2026-04-30T11:57:06Z,java-jvm-snapstart-primed,1024,1m,cold,661.90,6193,6193,178,ea79ba33-97dd-44ff-b58b-7b1e5d49fd18
2026-04-30T11:58:22Z,java-jvm-snapstart-primed,1024,1m,cold,670.93,5833,5833,180,11a51b90-3197-4a82-b3c9-e64eb4e51b4c
2026-04-30T11:59:38Z,java-jvm-snapstart-primed,1024,1m,cold,734.23,6073,6073,177,b3242b5e-01fd-4c09-ada9-5f495383351b
2026-04-30T11:59:45Z,java-jvm-snapstart-primed,1024,1m,warm,,51,51,185,4745e439-bf43-43d0-a8e7-7c611c95eab4
2026-04-30T11:59:45Z,java-jvm-snapstart-primed,1024,1m,warm,,44,44,185,d0b95f39-a090-4d4b-a64b-778d3289cfce
2026-04-30T11:59:46Z,java-jvm-snapstart-primed,1024,1m,warm,,56,56,185,8991b290-a5d2-4d6e-b1de-9d27d9649aec
2026-04-30T11:59:47Z,java-jvm-snapstart-primed,1024,1m,warm,,29,29,188,65d6ee65-c33b-46c0-9f8c-6b9fb77e3876
2026-04-30T11:59:48Z,java-jvm-snapstart-primed,1024,1m,warm,,47,47,189,7c031015-bd20-4328-b3c3-ff4710a5e046
2026-04-30T11:59:48Z,java-jvm-snapstart-primed,1024,1m,warm,,44,44,189,6d218916-3aec-4bfe-a070-0b63123f8d42
2026-04-30T11:59:49Z,java-jvm-snapstart-primed,1024,1m,warm,,37,37,189,5cae3e3a-2c2a-4703-95ea-a1b95fd3c51c
2026-04-30T11:59:50Z,java-jvm-snapstart-primed,1024,1m,warm,,45,45,189,b7a8058e-42e3-4536-8a81-983373baf8f9
2026-04-30T11:59:50Z,java-jvm-snapstart-primed,1024,1m,warm,,77,77,191,4702c952-a76d-4420-a41f-0cf5ecf7e94c
2026-04-30T11:59:51Z,java-jvm-snapstart-primed,1024,1m,warm,,41,41,191,42d0185d-a27b-4a33-9a7f-99c0ac03e3ea
2026-04-30T11:59:52Z,java-jvm-snapstart-primed,1024,1m,warm,,40,40,192,609da2a4-e682-4f3b-8080-18a3eacd0c23
2026-04-30T11:59:53Z,java-jvm-snapstart-primed,1024,1m,warm,,78,78,194,87810a7a-6ece-40c9-8b0a-0243e2de6468
2026-04-30T11:59:54Z,java-jvm-snapstart-primed,1024,1m,warm,,60,60,194,cb601c70-78ea-4206-bdbc-610f7ee3c10a
2026-04-30T11:59:54Z,java-jvm-snapstart-primed,1024,1m,warm,,69,69,195,c20614e8-dab4-41ef-8b1d-5d2ba4466d50
2026-04-30T11:59:55Z,java-jvm-snapstart-primed,1024,1m,warm,,77,77,196,f944be2b-08c0-4fa8-b7df-4cac2bc416f6
2026-04-30T11:59:56Z,java-jvm-snapstart-primed,1024,1m,warm,,39,39,196,c97fcc05-4015-438e-ae40-7718d809491b
2026-04-30T11:59:56Z,java-jvm-snapstart-primed,1024,1m,warm,,32,32,198,195874d7-794c-479d-bcf6-5da31cec19de
2026-04-30T11:59:57Z,java-jvm-snapstart-primed,1024,1m,warm,,40,40,198,1a0a3c58-0c14-4e45-806e-c826ffbd0777
2026-04-30T11:59:58Z,java-jvm-snapstart-primed,1024,1m,warm,,58,58,198,b8d60530-cc49-46b6-9567-2fddaad8898a
2026-04-30T11:59:59Z,java-jvm-snapstart-primed,1024,1m,warm,,64,64,200,ecd9acd9-7b6c-4095-a957-df66b11239a1
2026-04-30T11:59:59Z,java-jvm-snapstart-primed,1024,1m,warm,,37,37,201,bf94f297-5c8c-43c3-a70d-e70e6a725d6d
2026-04-30T12:00:00Z,java-jvm-snapstart-primed,1024,1m,warm,,44,44,201,a7bbe77b-2028-4d18-973e-c43e8e94eda0
2026-04-30T12:00:01Z,java-jvm-snapstart-primed,1024,1m,warm,,49,49,202,fdd43b87-53fe-4523-9b9c-3e8fc6be74e0
2026-04-30T12:00:02Z,java-jvm-snapstart-primed,1024,1m,warm,,32,32,203,32865811-5a95-426a-abf4-d13bac779093
2026-04-30T12:00:02Z,java-jvm-snapstart-primed,1024,1m,warm,,55,55,204,e91b1e08-5c65-44db-9b62-b7776383b7d2
2026-04-30T12:01:29Z,java-jvm-snapstart-primed,1769,1k,cold,648.69,3748,3748,173,048519d6-f691-436c-925f-be75b88cef8c
2026-04-30T12:02:51Z,java-jvm-snapstart-primed,1769,1k,cold,,63,63,173,cf674aae-5fec-4835-bb70-51849251a0e5
2026-04-30T12:04:17Z,java-jvm-snapstart-primed,1769,1k,cold,710.51,3937,3937,172,114ec475-a244-4418-b3f0-f4ef2ea6db61
2026-04-30T12:05:42Z,java-jvm-snapstart-primed,1769,1k,cold,651.55,3754,3754,174,918d1cea-33c7-411e-bcfc-acb678e295d8
2026-04-30T12:07:07Z,java-jvm-snapstart-primed,1769,1k,cold,662.78,3704,3704,172,4130756a-9568-41e0-b47b-ccb76ffa9687
2026-04-30T12:08:36Z,java-jvm-snapstart-primed,1769,1k,cold,698.85,3877,3877,173,35b0ed3d-aec3-4f33-8475-0e0ab3f7a454
2026-04-30T12:10:01Z,java-jvm-snapstart-primed,1769,1k,cold,613.16,3762,3762,169,f0f7392b-8da2-40cd-87fb-b9d93cd205dc
2026-04-30T12:11:26Z,java-jvm-snapstart-primed,1769,1k,cold,705.13,3857,3857,175,26de6252-65a6-407c-9fa2-3026499198b5
2026-04-30T12:12:50Z,java-jvm-snapstart-primed,1769,1k,cold,641.66,3704,3704,178,aa7a7bbb-7874-4417-a8fa-1e10b1ea2a31
2026-04-30T12:14:18Z,java-jvm-snapstart-primed,1769,1k,cold,657.82,3864,3864,175,cc75fce4-39e7-4085-9513-910a5d6463d2
2026-04-30T12:15:47Z,java-jvm-snapstart-primed,1769,1k,cold,681.53,3663,3663,172,84c40dbe-cb70-4d94-b1e3-645f26a62210
2026-04-30T12:17:12Z,java-jvm-snapstart-primed,1769,1k,cold,637.67,4003,4003,173,42cf8ca5-5352-492f-abf5-bc784b1a870e
2026-04-30T12:18:37Z,java-jvm-snapstart-primed,1769,1k,cold,631.21,3790,3790,176,846a76e5-fc05-413c-91bb-a50725331766
2026-04-30T12:20:01Z,java-jvm-snapstart-primed,1769,1k,cold,644.19,3752,3752,172,c9077b79-d27b-4b1f-a458-ed47a87f10a4
2026-04-30T12:21:26Z,java-jvm-snapstart-primed,1769,1k,cold,653.72,3606,3606,175,5d0b4283-3fa1-4884-9d17-8e89155e623d
2026-04-30T12:22:55Z,java-jvm-snapstart-primed,1769,1k,cold,623.35,3775,3775,174,0d54ef64-05a5-4f7c-95ce-a30c987b8106
2026-04-30T12:24:22Z,java-jvm-snapstart-primed,1769,1k,cold,595.23,3748,3748,171,d573ca92-bf83-4933-9039-49042116fd13
2026-04-30T12:25:47Z,java-jvm-snapstart-primed,1769,1k,cold,590.78,3664,3664,176,2872543a-d51d-4ac6-a2a3-b618c2b15411
2026-04-30T12:27:12Z,java-jvm-snapstart-primed,1769,1k,cold,659.55,3744,3744,170,5d2caea2-c28f-4df0-bd28-8fa59f600f76
2026-04-30T12:28:36Z,java-jvm-snapstart-primed,1769,1k,cold,632.34,3648,3648,176,a1f60eae-1852-4fb2-9d6b-d7d32d4a325b
2026-04-30T12:30:05Z,java-jvm-snapstart-primed,1769,1k,cold,670.24,3774,3774,172,f4a0299c-362e-47bb-9903-29bec84a57ff
2026-04-30T12:31:32Z,java-jvm-snapstart-primed,1769,1k,cold,594.31,3576,3576,170,a41bee3d-d0bc-41b2-a7fa-4c9b9ee97920
2026-04-30T12:32:57Z,java-jvm-snapstart-primed,1769,1k,cold,629.88,3892,3892,174,9cd94cd8-5cb4-4650-bcfd-18e582288e68
2026-04-30T12:34:22Z,java-jvm-snapstart-primed,1769,1k,cold,653.73,3857,3857,174,7c9e976c-98ae-49c8-b410-aa27297b937b
2026-04-30T12:35:47Z,java-jvm-snapstart-primed,1769,1k,cold,661.31,3758,3758,173,6347cc00-bbda-44a8-8d2e-17030955a0a8
2026-04-30T12:35:52Z,java-jvm-snapstart-primed,1769,1k,warm,,21,21,173,8485373b-ee2a-4a48-8300-4339def655ad
2026-04-30T12:35:53Z,java-jvm-snapstart-primed,1769,1k,warm,,20,20,173,dedeae89-12dc-4ea9-9217-bba6d3ccebb5
2026-04-30T12:35:53Z,java-jvm-snapstart-primed,1769,1k,warm,,21,21,173,020364f3-1fd7-447a-8a83-87152c0703ea
2026-04-30T12:35:54Z,java-jvm-snapstart-primed,1769,1k,warm,,21,21,173,5fe5ec40-4638-4853-a070-cf26de049308
2026-04-30T12:35:54Z,java-jvm-snapstart-primed,1769,1k,warm,,21,21,173,4a7768c0-718f-4eeb-86e0-130601df034d
2026-04-30T12:35:55Z,java-jvm-snapstart-primed,1769,1k,warm,,20,20,173,3a158ba7-2d0d-4985-970b-ca42b6124540
2026-04-30T12:35:55Z,java-jvm-snapstart-primed,1769,1k,warm,,20,20,173,4a88adaa-1b3c-47d9-aa92-a41c3540e527
2026-04-30T12:35:56Z,java-jvm-snapstart-primed,1769,1k,warm,,20,20,173,1145303f-225e-40ad-9321-a4be58e18539
2026-04-30T12:35:56Z,java-jvm-snapstart-primed,1769,1k,warm,,20,20,173,7510090b-55a5-4513-b922-e58d197f831d
2026-04-30T12:35:57Z,java-jvm-snapstart-primed,1769,1k,warm,,18,18,173,6f46414f-14ea-49c3-b6d7-816cef4bff4b
2026-04-30T12:35:57Z,java-jvm-snapstart-primed,1769,1k,warm,,23,23,173,6614cb7d-8a85-4772-9ad0-62a43636d96a
2026-04-30T12:35:58Z,java-jvm-snapstart-primed,1769,1k,warm,,20,20,173,f02a0a80-eaf6-4b61-8058-0ff7a86f645d
2026-04-30T12:35:58Z,java-jvm-snapstart-primed,1769,1k,warm,,24,24,173,cf6bb72d-173e-456b-a423-bbb40cf51a6a
2026-04-30T12:35:59Z,java-jvm-snapstart-primed,1769,1k,warm,,20,20,173,3501292e-5fb5-40e1-ad25-8547f03f0e64
2026-04-30T12:35:59Z,java-jvm-snapstart-primed,1769,1k,warm,,18,18,173,e3a9ac0d-71dd-4ba5-b129-6f97980c0501
2026-04-30T12:36:00Z,java-jvm-snapstart-primed,1769,1k,warm,,20,20,173,7198fb79-3b95-4131-9bda-2bd2900ba640
2026-04-30T12:36:00Z,java-jvm-snapstart-primed,1769,1k,warm,,21,21,173,4a043add-f0ea-4be9-b452-95256b517e1e
2026-04-30T12:36:01Z,java-jvm-snapstart-primed,1769,1k,warm,,20,20,174,795c3a5e-2cb3-47a9-97eb-16d6e8242004
2026-04-30T12:36:01Z,java-jvm-snapstart-primed,1769,1k,warm,,21,21,174,1f4f6a49-1a8b-4f2b-8e12-b513f4a9ffaa
2026-04-30T12:36:02Z,java-jvm-snapstart-primed,1769,1k,warm,,19,19,174,10484559-a98b-4f04-ad80-7e5c6a2f47e9
2026-04-30T12:36:02Z,java-jvm-snapstart-primed,1769,1k,warm,,20,20,174,9980c3c9-1bf8-4193-b5dc-686f4f7bfe08
2026-04-30T12:36:03Z,java-jvm-snapstart-primed,1769,1k,warm,,22,22,174,d892f34e-7057-4f1f-82b4-a329b2f1f792
2026-04-30T12:36:03Z,java-jvm-snapstart-primed,1769,1k,warm,,20,20,174,efa71aee-cbc2-43ad-b4ff-345128d5e694
2026-04-30T12:36:04Z,java-jvm-snapstart-primed,1769,1k,warm,,23,23,174,af5548eb-404d-44dc-9af9-34e4f4559b49
2026-04-30T12:36:04Z,java-jvm-snapstart-primed,1769,1k,warm,,36,36,174,e1a3ad8d-7447-45a0-acaf-fc072eae3115
2026-04-30T12:37:29Z,java-jvm-snapstart-primed,1769,100k,cold,635.72,3776,3776,173,5760dae3-ec24-416c-8fbf-651437f6d037
2026-04-30T12:38:54Z,java-jvm-snapstart-primed,1769,100k,cold,670.51,3686,3686,173,182d8046-1cb1-4d11-be71-25ccf3e7e937
2026-04-30T12:40:19Z,java-jvm-snapstart-primed,1769,100k,cold,656.20,3699,3699,172,277dd3e8-1b8d-417d-ba34-c87dbba1671b
2026-04-30T12:41:44Z,java-jvm-snapstart-primed,1769,100k,cold,604.40,3734,3734,173,9fd4bd4a-7b3d-4ad0-a01f-80f0dc3f38c9
2026-04-30T12:43:09Z,java-jvm-snapstart-primed,1769,100k,cold,743.62,3756,3756,176,c62f77f3-7e51-4b9f-b043-0c08e16d64fe
2026-04-30T12:44:39Z,java-jvm-snapstart-primed,1769,100k,cold,627.86,3676,3676,176,bce07748-54ad-41b6-81bd-7b008d3f5807
2026-04-30T12:46:05Z,java-jvm-snapstart-primed,1769,100k,cold,627.76,3756,3756,176,4f0dc04f-41d3-4630-8843-2070ae136994
2026-04-30T12:47:32Z,java-jvm-snapstart-primed,1769,100k,cold,646.11,3739,3739,179,c75bb934-b866-4822-b9b4-84edc7c64264
2026-04-30T12:48:51Z,java-jvm-snapstart-primed,1769,100k,cold,,58,58,179,bcb8b52c-5e53-4d48-8fcd-68bbb1e7d360
2026-04-30T12:50:18Z,java-jvm-snapstart-primed,1769,100k,cold,628.65,3855,3855,172,60b4e6e5-e9e9-405a-85ad-42bc10765b18
2026-04-30T12:51:45Z,java-jvm-snapstart-primed,1769,100k,cold,641.04,3625,3625,176,97a6163f-7615-4e41-9ae1-f60372d0c5bf
2026-04-30T12:53:07Z,java-jvm-snapstart-primed,1769,100k,cold,644.47,3463,3463,173,b511a368-c5c3-4383-ad87-79cad22503cd
2026-04-30T12:54:33Z,java-jvm-snapstart-primed,1769,100k,cold,645.32,3784,3784,171,21ba7927-af84-4e55-9c1a-2fcb4bb27c76
2026-04-30T12:55:57Z,java-jvm-snapstart-primed,1769,100k,cold,610.64,3493,3493,175,3bcc858c-6342-4e86-aad7-b9d087b59552
2026-04-30T12:57:22Z,java-jvm-snapstart-primed,1769,100k,cold,655.46,3676,3676,171,9096f8c2-9a30-4439-ac66-33977276b1d8
2026-04-30T12:58:53Z,java-jvm-snapstart-primed,1769,100k,cold,696.02,3694,3694,176,ad58f634-d0db-44a5-8b9c-e53e7e048d7e
2026-04-30T13:00:18Z,java-jvm-snapstart-primed,1769,100k,cold,767.19,3999,3999,175,79afdb78-dbb8-4338-9682-22aa2941a925
2026-04-30T13:01:43Z,java-jvm-snapstart-primed,1769,100k,cold,679.99,3882,3882,168,7e2309c1-27c5-440a-8814-f5eddcf079f4
2026-04-30T13:03:08Z,java-jvm-snapstart-primed,1769,100k,cold,656.73,4037,4037,173,a5364eac-81c3-4613-8a2b-118d6e600b38
2026-04-30T13:04:32Z,java-jvm-snapstart-primed,1769,100k,cold,692.50,3799,3799,177,fc2a0d52-c0e4-489c-b832-05f705f65bd5
2026-04-30T13:06:01Z,java-jvm-snapstart-primed,1769,100k,cold,636.82,3834,3834,172,7ff2e163-3be6-4ec6-9d1f-88fa20bc905a
2026-04-30T13:07:27Z,java-jvm-snapstart-primed,1769,100k,cold,675.81,3885,3885,168,62b78260-c5a8-4cca-8694-69d3178f7062
2026-04-30T13:08:52Z,java-jvm-snapstart-primed,1769,100k,cold,651.64,3636,3636,173,74f87095-a17f-437a-9bc1-551646e5f874
2026-04-30T13:10:17Z,java-jvm-snapstart-primed,1769,100k,cold,694.31,3780,3780,173,5aec8e45-4512-4046-b992-3882d5cc21e8
2026-04-30T13:11:42Z,java-jvm-snapstart-primed,1769,100k,cold,677.19,3616,3616,173,2ee4869b-4652-4fd2-8643-60ed675b8a0a
2026-04-30T13:11:47Z,java-jvm-snapstart-primed,1769,100k,warm,,28,28,173,647172f3-2f49-4108-95e0-0e2d40d101d0
2026-04-30T13:11:48Z,java-jvm-snapstart-primed,1769,100k,warm,,23,23,173,2f0e5a5d-0547-464d-9e84-c6778f213264
2026-04-30T13:11:49Z,java-jvm-snapstart-primed,1769,100k,warm,,20,20,173,75ac9a41-c0d8-4771-a485-4aa91dbaa861
2026-04-30T13:11:49Z,java-jvm-snapstart-primed,1769,100k,warm,,22,22,173,e6603a21-3cb4-468c-8147-816f6bf6bdc8
2026-04-30T13:11:50Z,java-jvm-snapstart-primed,1769,100k,warm,,22,22,173,bf5a47e5-e5eb-483d-afc3-497d303d4713
2026-04-30T13:11:50Z,java-jvm-snapstart-primed,1769,100k,warm,,30,30,173,077fc9aa-1cc4-4fa8-9f5d-74fb3c3c8051
2026-04-30T13:11:51Z,java-jvm-snapstart-primed,1769,100k,warm,,23,23,173,ee4707e8-731f-47f6-ba91-f4a0870355db
2026-04-30T13:11:51Z,java-jvm-snapstart-primed,1769,100k,warm,,18,18,173,1a27d86b-66a6-43f5-bc89-fb27cd6c5c76
2026-04-30T13:11:52Z,java-jvm-snapstart-primed,1769,100k,warm,,19,19,173,f816219b-52c9-4b67-9a17-5b19e3314056
2026-04-30T13:11:52Z,java-jvm-snapstart-primed,1769,100k,warm,,17,17,173,f9f5de87-41fc-410f-aec7-6290497d5da1
2026-04-30T13:11:53Z,java-jvm-snapstart-primed,1769,100k,warm,,19,19,173,5456c4b3-d883-4784-8c10-0d5cfd75a7c5
2026-04-30T13:11:54Z,java-jvm-snapstart-primed,1769,100k,warm,,32,32,173,8ecc617f-9ed0-43d5-9050-37fa32b9419b
2026-04-30T13:11:54Z,java-jvm-snapstart-primed,1769,100k,warm,,18,18,173,8dace858-4fb4-41e6-9a56-81c53ea1f2da
2026-04-30T13:11:55Z,java-jvm-snapstart-primed,1769,100k,warm,,26,26,173,92cbbc2f-93ff-4287-805b-cae2d821ec5c
2026-04-30T13:11:55Z,java-jvm-snapstart-primed,1769,100k,warm,,17,17,173,07e8ee11-5c1a-4070-a8b0-432b0d1a5960
2026-04-30T13:11:56Z,java-jvm-snapstart-primed,1769,100k,warm,,29,29,173,98f8077f-665b-44a0-b147-76809fc22a41
2026-04-30T13:11:56Z,java-jvm-snapstart-primed,1769,100k,warm,,18,18,173,f440388c-41d9-45c9-8683-20f5556bf8b7
2026-04-30T13:11:57Z,java-jvm-snapstart-primed,1769,100k,warm,,17,17,173,56db4c77-64e7-462b-839e-edc9b1838336
2026-04-30T13:11:58Z,java-jvm-snapstart-primed,1769,100k,warm,,20,20,173,a09f6dd5-c9e3-4e7e-a81b-fa51d65fa945
2026-04-30T13:11:58Z,java-jvm-snapstart-primed,1769,100k,warm,,16,16,173,bc327879-3539-4dbc-92b1-3ac8969455f1
2026-04-30T13:11:59Z,java-jvm-snapstart-primed,1769,100k,warm,,18,18,173,d0ce65ea-42f4-41ad-bd19-3bc4674483a3
2026-04-30T13:11:59Z,java-jvm-snapstart-primed,1769,100k,warm,,17,17,173,3efa8f54-b88a-420d-bed9-b083f7d1ceba
2026-04-30T13:12:00Z,java-jvm-snapstart-primed,1769,100k,warm,,16,16,173,7587437e-5fc1-44be-8011-d4393abe0c5a
2026-04-30T13:12:00Z,java-jvm-snapstart-primed,1769,100k,warm,,16,16,173,6cab0a9d-b3ea-4a2e-a33f-e4c4a10cb741
2026-04-30T13:12:01Z,java-jvm-snapstart-primed,1769,100k,warm,,18,18,173,d048495e-0bf6-4ec6-a324-457823c5d9cc
2026-04-30T13:13:26Z,java-jvm-snapstart-primed,1769,1m,cold,653.59,3829,3829,178,8a374549-4ea9-4814-94d7-2f0482978890
2026-04-30T13:14:51Z,java-jvm-snapstart-primed,1769,1m,cold,684.89,4119,4119,183,9078ddd2-3982-4a3a-b544-3b9f2a0e1e31
2026-04-30T13:16:18Z,java-jvm-snapstart-primed,1769,1m,cold,621.19,3824,3824,185,3a5239fa-dc9b-47d4-9d92-147c6a7937d5
2026-04-30T13:17:44Z,java-jvm-snapstart-primed,1769,1m,cold,683.67,3952,3952,181,03844d28-1093-45a4-b591-35ce341f2793
2026-04-30T13:19:09Z,java-jvm-snapstart-primed,1769,1m,cold,683.78,3776,3776,182,806033e4-1354-4494-8a0a-069a974ce445
2026-04-30T13:20:38Z,java-jvm-snapstart-primed,1769,1m,cold,637.41,3857,3857,176,d7db7b27-8c9d-4e4e-888b-142ddb1c5a1a
2026-04-30T13:22:03Z,java-jvm-snapstart-primed,1769,1m,cold,692.21,4019,4019,180,d70bc285-9bf7-4b87-b82e-1e4073cc7fb0
2026-04-30T13:23:28Z,java-jvm-snapstart-primed,1769,1m,cold,694.82,4017,4017,180,eaacdcf5-1091-4da7-8a1e-c31b31f5b907
2026-04-30T13:24:52Z,java-jvm-snapstart-primed,1769,1m,cold,675.63,3858,3858,182,c3178de8-5c35-410b-be2b-bdc3c4ed52d4
2026-04-30T13:26:15Z,java-jvm-snapstart-primed,1769,1m,cold,655.59,3874,3874,179,078fb831-096e-46f4-97dc-32ea1c40e7d2
2026-04-30T13:27:42Z,java-jvm-snapstart-primed,1769,1m,cold,641.23,3723,3723,180,d68043e7-2994-4c32-9d62-9392efd9bab7
2026-04-30T13:29:05Z,java-jvm-snapstart-primed,1769,1m,cold,693.35,3821,3821,178,6c091a1b-68ca-4837-b618-fb3c9eeb29e1
2026-04-30T13:30:33Z,java-jvm-snapstart-primed,1769,1m,cold,691.47,3819,3819,180,1e89b32c-41a2-4b6a-97c2-9e97467a4659
2026-04-30T13:32:00Z,java-jvm-snapstart-primed,1769,1m,cold,628.46,3897,3897,182,fe8dae0e-a62c-499c-b7cf-710c32b49f46
2026-04-30T13:33:27Z,java-jvm-snapstart-primed,1769,1m,cold,618.92,3874,3874,178,235e955b-6e8f-42b8-81af-12b68e8c7dd8
2026-04-30T13:34:55Z,java-jvm-snapstart-primed,1769,1m,cold,617.68,3884,3884,182,753df649-e675-4937-a3e0-843a70a57a7d
2026-04-30T13:36:18Z,java-jvm-snapstart-primed,1769,1m,cold,848.57,3467,3467,178,db9a24a9-ed04-4b93-8c9b-e8cf43133b37
2026-04-30T13:37:45Z,java-jvm-snapstart-primed,1769,1m,cold,678.19,3865,3865,182,2bcab750-c348-4b89-b2ee-3f0c1d42292f
2026-04-30T13:39:10Z,java-jvm-snapstart-primed,1769,1m,cold,630.83,3880,3880,182,19f2c478-0412-483f-b8b7-48fbde09c0c1
2026-04-30T13:40:36Z,java-jvm-snapstart-primed,1769,1m,cold,647.06,3898,3898,181,9376369e-56c6-467c-bf9a-114a1b38df94
2026-04-30T13:42:05Z,java-jvm-snapstart-primed,1769,1m,cold,679.78,3718,3718,178,45e288d0-c218-461e-9973-abd70f3ad30f
2026-04-30T13:43:32Z,java-jvm-snapstart-primed,1769,1m,cold,649.96,3832,3832,180,ee551fe7-c04b-4bee-9863-c3306fb454b5
2026-04-30T13:45:01Z,java-jvm-snapstart-primed,1769,1m,cold,703.96,3940,3940,182,2974508b-f327-4ea9-88ec-4bc502bd8618
2026-04-30T13:46:24Z,java-jvm-snapstart-primed,1769,1m,cold,657.17,3790,3790,178,8b4f9b77-943b-4255-bfe5-dd073b5a314f
2026-04-30T13:47:47Z,java-jvm-snapstart-primed,1769,1m,cold,640.11,3677,3677,182,7be23408-2911-4136-9644-692ca5dba5cc
2026-04-30T13:47:54Z,java-jvm-snapstart-primed,1769,1m,warm,,31,31,184,7ad2eb7d-dd8e-465b-a1fc-d9cd43a8465d
2026-04-30T13:47:55Z,java-jvm-snapstart-primed,1769,1m,warm,,39,39,185,de3759b0-7154-43c4-b7e5-d1d16b152e2c
2026-04-30T13:47:56Z,java-jvm-snapstart-primed,1769,1m,warm,,32,32,185,402bca30-fc0f-4a04-912b-a10894184bea
2026-04-30T13:47:56Z,java-jvm-snapstart-primed,1769,1m,warm,,33,33,185,65e7b2b9-13ab-4730-834d-e389a11311b6
2026-04-30T13:47:57Z,java-jvm-snapstart-primed,1769,1m,warm,,28,28,186,dc8f0ac0-f2c0-4c91-ad5c-38ccfa29bfc6
2026-04-30T13:47:58Z,java-jvm-snapstart-primed,1769,1m,warm,,33,33,189,8cb9bc61-a900-4729-a0ad-93e230230d3f
2026-04-30T13:47:59Z,java-jvm-snapstart-primed,1769,1m,warm,,29,29,189,2753cea8-e843-4f11-85a2-b9c3c2cca6f4
2026-04-30T13:47:59Z,java-jvm-snapstart-primed,1769,1m,warm,,35,35,190,7cffda5f-46f3-4f38-8353-263008ee89b5
2026-04-30T13:48:00Z,java-jvm-snapstart-primed,1769,1m,warm,,34,34,191,99cdbd7c-0256-4cd7-a7d7-c790db84a3fd
2026-04-30T13:48:01Z,java-jvm-snapstart-primed,1769,1m,warm,,33,33,191,455153ab-b9a6-41fd-ac25-a53a186ce9a4
2026-04-30T13:48:02Z,java-jvm-snapstart-primed,1769,1m,warm,,32,32,191,699a6e89-046c-46d4-b846-959a98b03a36
2026-04-30T13:48:02Z,java-jvm-snapstart-primed,1769,1m,warm,,45,45,192,d5b6c9b1-e343-4e6e-84c8-48465a0af698
2026-04-30T13:48:03Z,java-jvm-snapstart-primed,1769,1m,warm,,30,30,192,4dbb012e-0760-4546-8ac9-74fa93b83378
2026-04-30T13:48:04Z,java-jvm-snapstart-primed,1769,1m,warm,,30,30,192,f61a4e7f-dac3-48b4-aaf2-b1c6db38ed5b
2026-04-30T13:48:05Z,java-jvm-snapstart-primed,1769,1m,warm,,32,32,192,0e679732-c8ca-48d6-ad35-f004c33a43e6
2026-04-30T13:48:05Z,java-jvm-snapstart-primed,1769,1m,warm,,31,31,192,56185364-8aa7-40ad-b621-68aa16549a54
2026-04-30T13:48:06Z,java-jvm-snapstart-primed,1769,1m,warm,,33,33,196,c767c72f-9306-4740-a598-9a96f86b76f5
2026-04-30T13:48:07Z,java-jvm-snapstart-primed,1769,1m,warm,,27,27,197,aa6d921b-83af-43e3-a0e9-28760809a6f9
2026-04-30T13:48:08Z,java-jvm-snapstart-primed,1769,1m,warm,,27,27,197,3c339a59-77e6-432b-99be-c1b531cbcaa1
2026-04-30T13:48:08Z,java-jvm-snapstart-primed,1769,1m,warm,,26,26,197,52a2c035-0334-4d03-86ec-06ffc5ec0ddd
2026-04-30T13:48:09Z,java-jvm-snapstart-primed,1769,1m,warm,,31,31,197,f91d057b-8c5c-4d31-8c10-456410354e86
2026-04-30T13:48:10Z,java-jvm-snapstart-primed,1769,1m,warm,,28,28,197,0b39edbd-098b-4393-ac4b-00732b5b22f5
2026-04-30T13:48:11Z,java-jvm-snapstart-primed,1769,1m,warm,,32,32,197,b823bbc6-46a5-41d3-ad07-87842cf6ccf8
2026-04-30T13:48:11Z,java-jvm-snapstart-primed,1769,1m,warm,,30,30,197,aa78aaed-8465-48af-a71c-fc471174c845
2026-04-30T13:48:12Z,java-jvm-snapstart-primed,1769,1m,warm,,29,29,197,5b0bc371-24d9-4f60-9fc0-49094e82b9b6
